{"cameraMode":{"drawMode":0,"name":"Shaded","section":"Shading Mode"},"sceneLighting":true,"audioPlay":false,"sceneViewState":{"showFog":false,"showMaterialUpdate":false,"showSkybox":false,"showFlares":false,"showImageEffects":false,"showParticleSystems":false},"in2DMode":false,"pivot":{"x":6.992430210113525,"y":2.6592442989349367,"z":-0.6630870699882507},"rotation":{"x":0.05749790742993355,"y":0.43408700823783877,"z":-0.027779757976531984,"w":0.8986331820487976},"size":10.0,"orthographic":false}