{"cameraMode":{"drawMode":0,"name":"Shaded","section":"Shading Mode"},"sceneLighting":true,"audioPlay":false,"sceneViewState":{"showFog":false,"showMaterialUpdate":false,"showSkybox":false,"showFlares":false,"showImageEffects":false,"showParticleSystems":false},"in2DMode":false,"pivot":{"x":4.5364556312561039,"y":4.05633020401001,"z":-5.503965377807617},"rotation":{"x":-0.13489893078804017,"y":-0.003870756831020117,"z":0.0005277835298329592,"w":-0.9908725619316101},"size":0.8660253882408142,"orthographic":false}