{"cameraMode":{"drawMode":0,"name":"Shaded","section":"Shading Mode"},"sceneLighting":true,"audioPlay":false,"sceneViewState":{"showFog":false,"showMaterialUpdate":false,"showSkybox":false,"showFlares":false,"showImageEffects":false,"showParticleSystems":false},"in2DMode":false,"pivot":{"x":113.7428970336914,"y":-7.1781005859375,"z":35.32073974609375},"rotation":{"x":0.034395646303892139,"y":0.5683701634407044,"z":-0.024086037650704385,"w":0.8217569589614868},"size":56.17061996459961,"orthographic":false}