{"cameraMode":{"drawMode":0,"name":"Shaded","section":"Shading Mode"},"sceneLighting":true,"audioPlay":false,"sceneViewState":{"showFog":false,"showMaterialUpdate":false,"showSkybox":false,"showFlares":false,"showImageEffects":false,"showParticleSystems":false},"in2DMode":false,"pivot":{"x":3.7258286476135256,"y":5.0050859451293949,"z":-1.758509635925293},"rotation":{"x":-0.11576182395219803,"y":-0.03664315864443779,"z":0.004359419923275709,"w":-0.9926257133483887},"size":10.62266731262207,"orthographic":false}