{"cameraMode":{"drawMode":0,"name":"Shaded","section":"Shading Mode"},"sceneLighting":true,"audioPlay":false,"sceneViewState":{"showFog":false,"showMaterialUpdate":false,"showSkybox":false,"showFlares":false,"showImageEffects":false,"showParticleSystems":false},"in2DMode":false,"pivot":{"x":40.848876953125,"y":14.731635093688965,"z":12.73431396484375},"rotation":{"x":0.07229229807853699,"y":-0.8790027499198914,"z":0.14086200296878816,"w":0.4498663544654846},"size":1.2247449159622193,"orthographic":false}