{"cameraMode":{"drawMode":0,"name":"Shaded","section":"Shading Mode"},"sceneLighting":true,"audioPlay":false,"sceneViewState":{"showFog":false,"showMaterialUpdate":false,"showSkybox":false,"showFlares":false,"showImageEffects":false,"showParticleSystems":false},"in2DMode":false,"pivot":{"x":2.0612621307373049,"y":4.765815734863281,"z":-11.261222839355469},"rotation":{"x":0.21390587091445924,"y":-0.08048895001411438,"z":0.017698219045996667,"w":0.9734243154525757},"size":0.8660253882408142,"orthographic":false}